10,A*02:01+A*03:01^B*07:02+B*35:01^C*04:01+C*07:02^DQB1*03:01+DQB1*06:02^DRB1*04:01+DRB1*15:01,1;1
8,A*01:01+A*02:01^B*08:01+B*44:02^C*05:01+C*07:01^DQB1*02:01+DQB1*03:01^DRB1*03:01+DRB1*07:01,1;1
7,A*02:01+A*24:02^B*15:01+B*40:01^C*03:04+C*04:01^DQB1*03:02+DQB1*06:02^DRB1*04:01+DRB1*15:01,0;1
6,A*03:01+A*11:01^B*07:02+B*35:01^C*04:01+C*07:02^DQB1*03:01+DQB1*06:02^DRB1*04:01+DRB1*15:01,0;1
5,A*01:01+A*24:02^B*08:01+B*44:03^C*07:01+C*16:01^DQB1*02:01+DQB1*05:01^DRB1*03:01+DRB1*11:01,1;0
4,A*02:01+A*26:01^B*35:01+B*38:01^C*04:01+C*12:03^DQB1*03:01+DQB1*05:01^DRB1*01:01+DRB1*11:01,1;0
4,A*03:01+A*26:01^B*35:01+B*44:02^C*04:01+C*07:02^DQB1*03:01+DQB1*06:02^DRB1*04:01+DRB1*15:01,1;0
3,A*02:01+A*11:01^B*15:01+B*35:01^C*03:04+C*04:01^DQB1*03:02+DQB1*06:02^DRB1*04:01+DRB1*15:01,1;1
2,A*01:01+A*03:01^B*07:02+B*08:01^C*07:01+C*07:02^DQB1*02:01+DQB1*06:02^DRB1*03:01+DRB1*15:01,0;1
1,A*02:01+A*02:01^B*07:02+B*07:02^C*07:02+C*07:02^DQB1*06:02+DQB1*06:02^DRB1*15:01+DRB1*15:01,1;0
